,DateTime,Tweet_Id,Tweet,User_Id,Retweet,Location,Label
0,2021-12-30 15:28:25,1476575911348690951,I disagree With a 2 dose regimen no vaccine from any platform is neutralizing Omicron If the goal is,1354279893232545793,2,üåå Sa·πÉs·πõ,Neutral
1,2021-12-30 15:24:58,1476575045082361858,Please approve the expansion of the booster dose to everyone above the age of,471741741,0,Michigan,Neutral
2,2021-12-30 15:24:43,1476574982033473538,Daily cases keep creeping up in #gurgaon despite 100 vaccination of adults with double dose of #COVISHIELD #AstraZeneca,113879784,1,Displaced from Banaras,Neutral
3,2021-12-30 15:14:19,1476572365156880388,This is a joint venture F is the public face What about the billionare who funds every single vacc,100467866,0,üáÆüá≥ | üá®üá≠,Highly_Negative
4,2021-12-30 15:11:59,1476571777102868485,I disagree With a 2 dose regimen no vaccine from any platform is neutralizing Omicron If the,1237673606991110144,2,"Cambridge, MA",Neutral
5,2021-12-30 14:59:56,1476568744121888768,Whether covishield Or covaxin,2855536962,0,"Delhi,India",Neutral
6,2021-12-30 14:50:30,1476566370921811970,What is the basis for this claim that Covovax gt gt Covishield gt gt Covaxin Seems puzzling,39258955,0,,Neutral
7,2021-12-30 14:39:17,1476563547270250503,Data available at this time suggests that of the vaccines approved in India Covovax would be a better b,94761188,1,"Mayiladuthurai,@TN - India.",Weakly_Positive
8,2021-12-30 14:38:37,1476563379066073092,My mother is 73 years and has received both doses of covishield vaccine Yet it is not reflected in cow,471741741,0,,Highly_Negative
9,2021-12-30 14:36:58,1476562963821576194,Though we took covishield AstraZeneca as it was earliest but my kids are taking covaxin only,1456357158803709958,0,,Neutral
10,2021-12-30 14:27:55,1476560688633958404,Covishield,896789026417459201,0,"New Delhi, India",Neutral
11,2021-12-30 14:27:26,1476560565900251138,Covishield or covaxin,1608141001,0,,Neutral
12,2021-12-30 14:26:52,1476560421062598656,30 12 COVISHIELD COVAXIN Dose 1 Qty 96 Dose 2 Qty 195 Ages 18 Dates 30 12 31 12 available at BIMS GENERAL P,1396544310598905858,1,Belagavi,Weakly_Positive
13,2021-12-30 14:21:26,1476559054713491457,Does coviSHIELD do well against Omicron At least to minimise severed disease,1237673606991110144,0,,Highly_Negative
14,2021-12-30 14:09:09,1476555962144071683,18 year old s are so confused about covaxin and covishield,134758540,0,,Highly_Negative
15,2021-12-30 14:01:11,1476553958780911618,and now again coming to propaganda self has taken Covishield where,2801969520,0,"Agra, India",Highly_Negative
16,2021-12-30 14:00:10,1476553702089510916,But till Covovax is easily available will Covishie,1237673606991110144,0,"Mumbai, Maharashtra",Weakly_Positive
17,2021-12-30 13:56:43,1476552832715087880,My mother has taken both doses of covishield vaccine And has received the final vaccination certificate from hospital i,1476548670317232130,1,,Neutral
18,2021-12-30 13:00:19,1476538639400116224,It s a good news for Indians as AZ or covishield is same kind of vector vaccine,1226371860222246912,0,"Ludhiana, India",Weakly_Positive
19,2021-12-30 12:51:16,1476536363935666176,4 International travellers education job only can head to Polyclinic Sector 31 for their second dose of Covishield 50,904450515240599552,1,"Gurgaon, India",Neutral
20,2021-12-30 12:25:30,1476529879290101762,I Give Up Read Why Modi Blocked MRNA Vaccines J,1402288251847823362,0,India Maharashtra,Neutral
21,2021-12-30 12:23:54,1476529477760917508,Your reply is a tweet with no citations supporting anything in it I don t deny the s,3114133347,0,"Pune, India",Weakly_Positive
22,2021-12-30 12:12:33,1476526620382883841,Will u tweet the same about covishield or covaxin,2574072036,0,,Neutral
23,2021-12-30 12:00:40,1476523630599286786,45 #URBAN #Bengaluru #CovidVaccine Availability for 30 12 at 05 30PM FREE Slots 0 PAID Slots #COVISHIELD Dose1 119 Dose2 1,1406895607680102404,1,,Weakly_Positive
24,2021-12-30 11:46:20,1476520020691673089,They will probably not have other vaccine because supply mismatch for Covaxin vs Covishield,2424151140,0,"Dombivli,India",Highly_Negative
25,2021-12-30 11:27:44,1476515342524420096,lol almost every country is giving vaccines for free while simultaneously providing choices too I,950695755244695552,0,,Highly_Positive
26,2021-12-30 11:26:58,1476515149431382025,30 12 COVISHIELD COVAXIN Dose 1 Qty 97 Dose 2 Qty 196 Ages 18 Dates 30 12 31 12 available at BIMS GENERAL P,1396544310598905858,1,Belagavi,Weakly_Positive
27,2021-12-30 11:24:48,1476514602028392448,Not sure but I feel it will be wise now to expedite the second doses of the first dosers of Covishield Before Omicron sp,1144570874726453248,1,"Mumbai, India",Weakly_Positive
28,2021-12-30 11:08:15,1476510439005507594,who to believe and who not #COVID19 #Omicron #LargestVaccineDrive #VaccineSideEffects,1293113010941296640,0,,Neutral
29,2021-12-30 11:05:58,1476509862079176704,45 #URBAN #Bengaluru #CovidVaccine Availability for 30 12 at 04 30PM FREE Slots 0 PAID Slots #COVISHIELD Dose1 119 Dose2 1,1406895607680102404,1,,Weakly_Positive
30,2021-12-30 10:58:05,1476507878856937473,Every year during winter I get throat infection chest congestion followed by prol,79692602,0,,Neutral
31,2021-12-30 10:55:06,1476507130341462016,He is right kindly read Conclusion Both types of vaccine Covishield and Covaxin were associate,551043734,0,,Weakly_Positive
32,2021-12-30 10:37:09,1476502610500722694,Sir If covishield is not good then India will also see havoc as 70 population had took it,1111706678603464704,0,"Pune, India",Highly_Negative
33,2021-12-30 10:11:05,1476496054358970369,Wednesday 29 12 21 #CoWIN Dashboard amp figures #COVID19 cases 13 154 No vaccinated 6 391 282 1st do,2596143056,0,Deccans of India ,Neutral
34,2021-12-30 10:01:47,1476493709860556805,45 #URBAN #Bengaluru #CovidVaccine Availability for 30 12 at 03 30PM FREE Slots 0 PAID Slots #COVISHIELD Dose1 119 Dose2 1,1406895607680102404,1,,Weakly_Positive
35,2021-12-30 09:47:29,1476490113714507779,Yes We are going to take #covaxin as our last two shots were #COVISHIELD,108252113,0,,Neutral
36,2021-12-30 09:44:58,1476489480575938562,Covovax Better Booster For Covishield Vaccinated People Dr Shahid Jameel Virologist,1104607579257425921,1,"New Delhi, India",Highly_Positive
37,2021-12-30 09:39:56,1476488212520456197,The journo has understood wrongly maybe If one has got 2 doses of Covishield 3rd Covishield doesn,2832818240,0,"Aurangabad, India",Highly_Negative
38,2021-12-30 09:35:42,1476487149578907649,This may change with boosters If you have taken Covishield Covaxin or Sputnik your third shot can,1340150064572813312,0,Somewhere on Spaceship Earth,Neutral
39,2021-12-30 09:26:37,1476484862165012487,Ji Please send #COVAXIN or #COVISHIELD to US on an emergency and humanitarian basis Their #Pfizer se,815716863183351809,1,Hell,Neutral
40,2021-12-30 09:16:52,1476482409914769412,30 12 COVISHIELD COVAXIN Dose 1 Qty 47 Dose 2 Qty 96 Ages 18 Dates 30 12 available at BIMS GENERAL PUBLIC Be,1396544310598905858,1,Belagavi,Weakly_Positive
41,2021-12-30 09:15:00,1476481937397235716,Data available at this time suggests that of the vaccines approved in India Covovax would be a bette,1005884292,1,Chennai,Weakly_Positive
42,2021-12-30 09:08:00,1476480177865560064,My wife got jabbed first dose of covishield when there was registration through CGteeka site And we moved to Pune for o,494678398,2,,Weakly_Positive
43,2021-12-30 09:03:25,1476479022926372867,What are the side effects of this vaccine every medication has some side effects,911182427782909952,0,"Bengaluru, India",Neutral
44,2021-12-30 09:00:16,1476478232534962182,45 #URBAN #Bengaluru #CovidVaccine Availability for 30 12 at 02 30PM FREE Slots 0 PAID Slots #COVISHIELD Dose1 120 Dose2 1,1406895607680102404,1,,Weakly_Positive
45,2021-12-30 08:57:08,1476477442512412675,Do we have any data to show how coviSHIELD AZ vaccine holds up against omicron with regards to seve,1237673606991110144,0,,Neutral
46,2021-12-30 08:46:52,1476474857978269697,30 12 COVISHIELD COVAXIN Dose 1 Qty 47 Dose 2 Qty 97 Ages 18 Dates 30 12 available at BIMS GENERAL PUBLIC Be,1396544310598905858,1,Belagavi,Weakly_Positive
47,2021-12-30 08:36:53,1476472344344686592,30 12 COVISHIELD COVAXIN Dose 1 Qty 48 Dose 2 Qty 97 Ages 18 Dates 30 12 available at BIMS GENERAL PUBLIC Be,1396544310598905858,1,Belagavi,Weakly_Positive
48,2021-12-30 08:06:52,1476464790692376577,30 12 COVISHIELD COVAXIN Dose 1 Qty 48 Dose 2 Qty 98 Ages 18 Dates 30 12 available at BIMS GENERAL PUBLIC Be,1396544310598905858,1,Belagavi,Weakly_Positive
49,2021-12-30 08:00:23,1476463159712137216,45 #URBAN #Bengaluru #CovidVaccine Availability for 30 12 at 01 30PM FREE Slots 0 PAID Slots #COVISHIELD Dose1 120 Dose2 1,1406895607680102404,1,,Weakly_Positive
50,2021-12-30 07:58:18,1476462635402940417,The vaccines SPUTNIK V and JANSSEN are similar to COVISHIELD COVISHIELD uses a Chimpanzee Adenovirus SPUTNIK V and JA,571479724,102,,Neutral
51,2021-12-30 07:58:13,1476462615593324551,What if I use the crunchy nuts of Ferrero in another chocolate Maybe Snickers That s COVISHIELD The genes making,571479724,103,,Neutral
52,2021-12-30 07:56:52,1476462275938721794,30 12 COVISHIELD Dose 1 Qty 30 Dose 2 Qty 36 Ages 18 Dates 01 01 available at Noble Care Hospt PVT Belagavi,1396544310598905858,1,Belagavi,Highly_Positive
53,2021-12-30 07:42:52,1476458753713229825,It s time you follow covishield,597564319,0,India,Neutral
54,2021-12-30 07:31:52,1476455985694662657,Kurnool lo covishield vaccine co win site lo not available antundi How to find out guys,147514682,1,"Vijayawada, India",Weakly_Positive
55,2021-12-30 07:24:24,1476454105556082689,Ji Please send #COVAXIN or #COVISHIELD to US on an emergency and humanitarian basis Their,18839785,1,Hell,Neutral
56,2021-12-30 07:00:57,1476448203167911939,45 #URBAN #Bengaluru #CovidVaccine Availability for 30 12 at 12 30PM FREE Slots 0 PAID Slots #COVISHIELD Dose1 120 Dose2 1,1406895607680102404,1,,Weakly_Positive
57,2021-12-30 06:59:23,1476447810492899336,I am planning to go to Pune tonight I have taken both the shots of covishield do I need anything else,1467228402,0,"Bengaluru, India",Neutral
58,2021-12-30 06:57:26,1476447319776116736,Covovax Better Booster For Covishield Vaccinated People Dr Shahid Jameel Virologist,925599812510138368,1,"New Delhi, India",Highly_Positive
59,2021-12-30 06:44:50,1476444146093068295,Yeah we will mix 2 drops of covishield 2 drops of covaxin and 6 drops of chilled soda,108252113,0,,Neutral
60,2021-12-30 06:12:26,1476435994379382784,Thank you Shri Ji and PM This is a great example of the close relationship between our two,911182427782909952,466,"Chicago, IL",Highly_Positive
61,2021-12-30 06:02:58,1476433610429374466,45 #URBAN #Bengaluru #CovidVaccine Availability for 30 12 at 11 30AM FREE Slots 0 PAID Slots #COVISHIELD Dose1 120 Dose2 1,1406895607680102404,1,,Weakly_Positive
62,2021-12-30 05:34:18,1476426398109630465,Covovax Better Than Covishield as Booster Dose Gagandeep Kang via,3150940290,0,"New Delhi, India",Highly_Positive
63,2021-12-30 05:29:12,1476425114128465920,#Vaccines accepted in the #UAE amp #UK have made travelling a nightmare for #Covishield injected Indians Despite approvin,1201836567150641152,1,United Kingdom ,Neutral
64,2021-12-30 05:28:18,1476424887858311170,Do know if some took Pfizer booster after Covaxin PS am not asking for P,566535152,0,"Hyderabad, India",Neutral
65,2021-12-30 05:24:28,1476423921595404288,Mild or no symptoms at all Feels like common cold to both covishield and cov,109875968,0,,Highly_Negative
66,2021-12-30 04:55:23,1476416603566665728,I am DEEPAK KUMAR I am vaccinated 1st dose of covishield but my certificate shows you are fully va,1251193047569727489,0,"Patna, India",Neutral
67,2021-12-30 04:45:51,1476414205204914176,And Covaxin has a seroconversion of 60 70 So a large number of covaxin takers like me developed,1017402014744154112,0,India,Weakly_Positive
68,2021-12-30 04:43:07,1476413518731624448,Pfizer Pfizer Moderna was studied analyzed and the declared Not the same for Covishield Covishield C,1320945300127780864,1,Hogwarts / Old Trafford,Neutral
69,2021-12-30 04:39:44,1476412663781416961,Booster shot will be of covishield Right,1265905148469161985,0,"‡§ï‡•ã‡§≤‡§ï‡§æ‡§§‡§æ, ‡§≠‡§æ‡§∞‡§§",Weakly_Positive
70,2021-12-30 04:32:53,1476410942393307138,Hey Rachel How are u I ll travel to Lisbon in February and got Covishield Jab Did u,408049544,0,Rio de Janeiro,Neutral
71,2021-12-30 04:10:24,1476405284998311943,,2596143056,0,,Neutral
72,2021-12-30 04:03:49,1476403628701360133,45 #URBAN #Bengaluru #CovidVaccine Availability for 30 12 at 09 30AM FREE Slots 0 PAID Slots #COVISHIELD Dose1 120 Dose2 1,1406895607680102404,1,,Weakly_Positive
73,2021-12-30 04:00:42,1476402842831396871,Taken Covishield two doses in India followed by Pfizer booster dose in Abu Dhabi,108252113,0,,Neutral
74,2021-12-30 03:58:26,1476402273328635910,My mom did just before covishield gap period was changed Most others had to wait the 84 days between doses,469503746,0,India,Highly_Positive
75,2021-12-30 03:48:23,1476399742649344005,Pfizer Pfizer Moderna was studied analyzed and the declared Not the same for Covishield Co,15143770,1,,Neutral
76,2021-12-30 03:46:52,1476399363035381762,30 12 COVISHIELD COVAXIN Dose 1 Qty 50 Dose 2 Qty 98 Ages 18 Dates 30 12 available at BIMS GENERAL PUBLIC Be,1396544310598905858,1,Belagavi,Weakly_Positive
77,2021-12-30 03:33:52,1476396090027130882,As far as I ve read ICMR hasn t published any peer reviewed studies which looks at mixing Covishield or,108252113,0,,Weakly_Positive
78,2021-12-30 03:04:45,1476388763404316676,45 #URBAN #Bengaluru #CovidVaccine Availability for 30 12 at 08 30AM FREE Slots 0 PAID Slots #COVISHIELD Dose1 120 Dose2 1,1406895607680102404,1,,Weakly_Positive
79,2021-12-30 02:59:49,1476387522389299200,Could someone explain to me how India using covishield and #COVAXIN and is able to contain covid19 delta,2985479932,0,,Highly_Positive
80,2021-12-30 02:57:44,1476386997564489730,Do I need to do all of the heavy lifting for you Hell you,146100916,0,"Jackson Heights, Queens",Highly_Negative
81,2021-12-30 02:52:05,1476385575884124160,i paid 750 rs per dose for vaccine both doses of covishield and that pric,2733412765,1,,Neutral
82,2021-12-30 02:26:52,1476379229201776640,30 12 COVISHIELD COVAXIN Dose 1 Qty 50 Dose 2 Qty 99 Ages 18 Dates 30 12 available at BIMS GENERAL PUBLIC Be,1396544310598905858,1,Belagavi,Weakly_Positive
83,2021-12-30 01:06:52,1476359096513318912,30 12 COVISHIELD COVAXIN Dose 1 Qty 50 Dose 2 Qty 100 Ages 18 Dates 30 12 available at BIMS GENERAL PUBLIC B,1396544310598905858,1,Belagavi,Weakly_Positive
84,2021-12-30 01:00:08,1476357401532063745,Not if Covishield AZN or Covaxin are not as effective against omicron T,1361521105920425993,0,,Highly_Positive
85,2021-12-30 00:56:52,1476356579305918465,30 12 COVISHIELD COVAXIN Dose 1 Qty 50 Dose 2 Qty 51 Ages 18 Dates 30 12 available at BIMS GENERAL PUBLIC Be,1396544310598905858,1,Belagavi,Weakly_Positive
86,2021-12-29 20:48:24,1476294051917930502,Lancet Study On Covishield Astrazeneca Vaccine Protection Decline Misquoted T cell immunity cellular,14772391,0,,Neutral
87,2021-12-29 19:51:54,1476279831432241166,NVAX Novavax Multivalent Booster Covovax To Act As Better Booster For People Vaccinated With Covishield Suggests Virolo,1348750216225296384,1,Canada,Highly_Positive
88,2021-12-29 19:28:11,1476273865001037827,New launch date of CoviShield 22 July 4 p m UTC,1373956823540187138,54,,Weakly_Positive
89,2021-12-29 19:02:39,1476267438077460483,You can travel with covishield,18096270,0,California to Bombay,Neutral
90,2021-12-29 18:32:58,1476259965954232326,Covovax far better than Covishield as precautionary dose no data for Covaxin tells Karan Thapar,2160899318,12,"New Delhi, India",Weakly_Positive
91,2021-12-29 18:10:06,1476254211734081542,# Urgent Booster shots for Indian students in,911182427782909952,0,,Neutral
92,2021-12-29 17:48:50,1476248860502544384,Thanks for making Covishield,1368048433601204224,0,Twitter,Weakly_Positive
93,2021-12-29 17:45:35,1476248044668522496,Update on mixing vaccines for #Booster For all who were vaccinated outside the U S with shots greenlighted by the WHO,412769742,1,Delhi,Neutral
94,2021-12-29 17:40:19,1476246718161186818,Waited so long for Sputnik n Pfizer ended up getting covishield shot,1248951120526893058,0,,Highly_Negative
95,2021-12-29 17:38:15,1476246196427665415,Covishield,1243796888060604416,0,"Bengaluru, India",Neutral
96,2021-12-29 17:25:22,1476242957393018884,sir had he opted for covishield you would have targeted him for not taking covaxin,83839889,0,"Lucknow, India",Neutral
97,2021-12-29 17:08:09,1476238621308899331,Covovax better booster for Covishield vaccinated people Dr Shahid Jameel Virologist Download Ec,32361058,1,,Highly_Positive
98,2021-12-29 16:48:49,1476233758961377281,I think the studies are showing that 3rd dose of covishield isn t that effective as a booster So,1439874812743192578,0,,Weakly_Positive
99,2021-12-29 16:43:44,1476232479627374594,Covovax Better Booster For Covishield Vaccinated People Than Same Jab Virologist,333888813,1,"Gaya, India",Weakly_Positive
100,2021-12-29 16:32:09,1476229562019237897,From January Serum Institute of India dispatched 1 3 billion Covishield doses,1066972567943053312,1,"Pune, Maharashtra, India",Neutral
101,2021-12-29 16:18:18,1476226078825795584,Covid 19 Covovax better booster for people vaccinated with Covishield virologist says,50279781,1,"Gangarampur, India",Highly_Positive
102,2021-12-29 16:06:06,1476223007525797891,I paid 1000 rupees per shot for covishield Who is calling it free 4 5 thou,42606652,0,Banana republic,Weakly_Positive
103,2021-12-29 15:56:20,1476220549432889345,and gap in covishield first and second dose hasn t reduced really thought that the gap has to be brought d,52810218,0,Srinagar ‚û°Ô∏è Delhi-NCR ,Weakly_Positive
104,2021-12-29 15:52:22,1476219550999871489,We all would need #3rd dose of both #Covishield and #Covaxin and perhaps additional #4th dose for #Covaxin Time will tel,1073180418868793345,214,"Navi Mumbai , India",Neutral
105,2021-12-29 15:13:18,1476209720360800258,It s all the same for all the vaccines Your covaxine or covishield is no better than Pfizer Wai,1394297836045357065,0,"Maharashtra, India",Highly_Negative
106,2021-12-29 14:52:35,1476204506610212865,Aren t you ashamed an aota Pfizer and moderna world over have caused inefficacy due its compositi,3097503906,0,Chennai,Highly_Negative
107,2021-12-29 14:50:52,1476204073036640256,Two does of covishield teskunna vallaki better to go for a third dose of covishield or to mix amp match,611024019,0,Room of requirement,Weakly_Positive
108,2021-12-29 14:42:39,1476202005081300992,Has there been any concrete data found which indicates moderna and Pfizer are more effective than covi,372069466,0,Germany,Weakly_Positive
109,2021-12-29 14:39:58,1476201333183049734,For that even covishield and covexin started production long before when were in test procedure and thats h,1313516635,0,,Highly_Negative
110,2021-12-29 14:32:33,1476199464637456388,Yes but keep in mind #covaxin is likely effective against omicron but the other vaccines b,1364722716151083011,0,,Weakly_Positive
111,2021-12-29 14:03:52,1476192247137792006,Is this for both Covishield as well as Covaxin,469503746,0,"New Delhi, India",Neutral
112,2021-12-29 13:24:26,1476182322596700163,ZERO You,171959353,0,,Neutral
113,2021-12-29 13:22:06,1476181736564277253,If memory serves me right Covovax s original bridging trial design included SII manufactured versi,1237673606991110144,0,,Weakly_Positive
114,2021-12-29 13:19:42,1476181129610739719,Sir those who have administered Covishield in their first and second dose can they go for Covaxin or,372069466,0,"Jalpaiguri , India",Weakly_Positive
115,2021-12-29 13:17:40,1476180618610241536,Gud day respected sir A query sir So the third dose also as covishiel,854353186416676864,0,,Neutral
116,2021-12-29 13:14:22,1476179789132156929,In USA they didn t have administered anti covid19 vaccine We in India a,1229831848437506049,0,Ahmedabad - Gujarat - India,Neutral
117,2021-12-29 13:09:51,1476178652073242634,West delhi has at least 12697 new slots available between 29 12 21 amp 05 01 22 Covishield Dose1 18 45 3920 497 Dose2,1396115471703805953,1,,Weakly_Positive
118,2021-12-29 13:04:52,1476177397489623048,Serum institute covishield and Bharat biotech covaxin donate large sums of money to bjp If the govt,198510022,0,Union of India,Weakly_Positive
119,2021-12-29 12:55:13,1476174967871918082,Its available but limited resources only Some of my friends have taken it in Coimbatore Mumbai cities,198510022,0,"Tirupur, India",Weakly_Positive
120,2021-12-29 12:47:25,1476173007034798082,Not too sure about the protocols for additional covishield dose after Pfizer Th,710377188,0,"Signature juices, Riyadh, SA",Highly_Positive
121,2021-12-29 12:31:56,1476169111432413185,The central govt purchase the covishield amp covaxine and vaccinated to,1305551627651252224,0,India,Neutral
122,2021-12-29 12:14:39,1476164759179325441,Despite a slow start India did well on the vaccination drive through Covishield,62226560,0,"Sydney, Australia",Highly_Negative
123,2021-12-29 12:13:51,1476164557768826880,I have heard of heart related sideffects in M RNA vaccines How far is it tru,58194459,0,India,Weakly_Positive
124,2021-12-29 12:05:17,1476162403528101892,Tuesday 28 12 21 #CoWIN Dashboard amp figures #COVID19 cases 9 195 No vaccinated 6 461 321 1st dose,2596143056,0,Deccans of India ,Neutral
125,2021-12-29 11:51:21,1476158897702506499,Covovax far better than Covishield as precautionary dose no data for Co via,10228272,0,,Weakly_Positive
126,2021-12-29 11:33:17,1476154350418358278,They did a comparative study because by the time we got to the phase 3 trials we already had 2 est,1237673606991110144,0,,Neutral
127,2021-12-29 11:22:20,1476151593254850562,#Highlights2021 recognised manufactured #CovidVaccines s #Covishield and s,925599812510138368,12,"New Delhi, India",Neutral
128,2021-12-29 11:16:37,1476150155363577856,ya i got covishield that s why they call me captain america 19 or something idk,1446331504146063371,1,your mind,Neutral
129,2021-12-29 11:14:33,1476149637622820866,Covid Vaccination sessions for 30 12 2021 31 12 2021 01 01 2022 in PN ward COVISHIELD AND COVAXIN AGE GROUP 18,1140639114682720256,1,"Mumbai, India",Neutral
130,2021-12-29 11:11:05,1476148762372231169,I don t think so Covishield vaccine accepted Internationally,3134670054,0,"Mumbai, India",Neutral
131,2021-12-29 10:28:29,1476138041362173953,I got COVAXIN and not Covishield as my Covid 19 vaccine #COVAXIN,147994804,0,India,Neutral
132,2021-12-29 10:09:44,1476133323835645952,NE delhi has at least 597 new slots available between 29 12 21 amp 05 01 22 Covishield Dose1 18 45 286 0 Dose2 18 45,1396115471703805953,1,,Weakly_Positive
133,2021-12-29 10:02:17,1476131450118283265,HARGHAR ANN AYUSHMAN BHARAT PMAY U R JAN BHAN ACCOUNT DBT MUDRA UJJWA,1305551627651252224,0,India,Neutral
134,2021-12-29 10:01:33,1476131266852319235,Covishield has been causally connected to serious adverse events in studies To force a harmful vaccine on people even if you,185960961,184,,Highly_Negative
135,2021-12-29 09:48:51,1476128068695740416,It s very important to be cautious and remember these vaccines are experimental They are saving lives,3033835950,0,"Chicago, IL",Weakly_Positive
136,2021-12-29 09:35:38,1476124745263239168,Have look at this report and stop spreading false propaganda of covishield to promote vaccines fro,134758540,0,"Anand, Gujarat",Highly_Negative
137,2021-12-29 09:33:08,1476124114834259968,Yes but given that after introduction of covishield here in India I am getting to hear many young death,43326045,0,India,Weakly_Positive
138,2021-12-29 09:03:03,1476116541775171594,Seems GOI decided not to buy because we have enough output from covaxin and covishield,198510022,0,Chennai,Neutral
139,2021-12-29 08:53:54,1476114240079466497,it was cardiac arrest not MI as reported by another media It would be nice to rule out covishield related VITT,43326045,0,India,Weakly_Positive
140,2021-12-29 08:52:37,1476113915809394691,Because no or minimal research was done in that India even covishield is researched in oxfo,145718509,0,"Noida , Uttar Pradesh",Highly_Negative
141,2021-12-29 08:49:40,1476113175741349888,In another case the #UnitedKingdom stipulated self isolation for 10 days for Indian travellers vis,3296789899,0,India,Neutral
142,2021-12-29 08:46:22,1476112345084481536,So if one has Pfizer 2 does done and now is in India can he take covishield,1027206418607235073,0,"Mumbai,India",Neutral
143,2021-12-29 08:45:55,1476112230546489344,We all saw how the entire #PfizerLobby behaved and pimped when PM Modi was promoting Desi Covaxin and Covishield,99932847,4,,Neutral
144,2021-12-29 08:41:31,1476111125204799489,I have the other way around have taken Pfizer two doses and now should we take covishield,137726272,0,"Mumbai,India",Highly_Negative
145,2021-12-29 08:25:23,1476107065630224385,Thanks to covishield having blood clot as side effect and causing heart attack and blood clots,1226859375723044866,0,Earthüåé,Weakly_Positive
146,2021-12-29 08:19:48,1476105658118197251,Even AZ covishield is crap The whole covid circus is a mess,191132317,0,India,Highly_Negative
147,2021-12-29 08:19:46,1476105649020751872,Can person having 2 dose of Covishield travel to LU,226541132,0,,Neutral
148,2021-12-29 08:18:47,1476105403675004929,Why shouldn t it be Covishield Do you have scientific studies that says mixing of vaccines work a,3097503906,0,‡§ï‡§™‡§ø‡§≤‡§æ‡§∞‡§£‡•ç‡§Ø‡§Æ‡•ç | Dub Nation      ,Neutral
149,2021-12-29 08:06:52,1476102404458389510,29 12 COVAXIN COVISHIELD Dose 1 Qty 47 Dose 2 Qty 96 Ages 18 Dates 29 12 available at BIMS GENERAL PUBLIC Be,1396544310598905858,1,Belagavi,Weakly_Positive
150,2021-12-29 07:59:45,1476100613477842944,#RoundUp2021 July Date 01 07 2021 Covishield Vaccine Produced By the Serum institute Of India Date 04 07 2021,1221750331362574338,1,India,Neutral
151,2021-12-29 07:56:52,1476099887527776261,29 12 COVAXIN COVISHIELD Dose 1 Qty 48 Dose 2 Qty 96 Ages 18 Dates 29 12 available at BIMS GENERAL PUBLIC Be,1396544310598905858,1,Belagavi,Weakly_Positive
152,2021-12-29 07:54:51,1476099380646080512,i paid 750 rs per dose for vaccine both doses of covishield and,2913651692,1,Mumbai,Neutral
153,2021-12-29 07:43:42,1476096574388248578,Logistics cost storage cost would increase the end price manifold We need to spend 72k cr just for tra,198510022,0,"‡Æ§‡ÆÆ‡Æø‡Æ¥‡Øç‡Æ®‡Ææ‡Æü‡ØÅ, ‡Æá‡Æ®‡Øç‡Æ§‡Æø‡ÆØ ‡Æí‡Æ©‡Øç‡Æ±‡Æø‡ÆØ‡ÆÆ‡Øç",Neutral
154,2021-12-29 07:39:08,1476095425920724995,Sir there is enough scientific evidence that booster doses of mRNA vaccines offer bet,80070138,0,,Neutral
155,2021-12-29 07:38:55,1476095371180867584,Exactly Covaxin is made using the most trusted method But the main problem is Availabili,2289824455,0,"Maharashtra, India",Weakly_Positive
156,2021-12-29 07:35:55,1476094615119798273,Gym n Protein n covishield n cardiac arrest has some re,75816710,0,PUNE,Highly_Negative
157,2021-12-29 07:29:58,1476093116893388801,Not needed boss U can t burn candle at both the ends Covishield amp Covaxin both r enough for now Wh,198510022,0,jolarpettai,Neutral
158,2021-12-29 07:23:54,1476091591412490241,Thread In the run up to the world s largest vaccination drive Andaman amp Nicobar Islands becomes first UT to achieve 100,1067774358041632768,7,"‡§™‡•ã‡§∞‡•ç‡§ü ‡§¨‡•ç‡§≤‡•á‡§Ø‡§∞, ‡§≠‡§æ‡§∞‡§§",Weakly_Positive
159,2021-12-29 07:02:56,1476086316110528514,I am afraid now all these Delta Omicron are purposely created to increase their margin Only a few we,198510022,0,Chennai,Highly_Negative
160,2021-12-29 06:57:29,1476084941364809733,29 12 COVAXIN COVISHIELD Dose 1 Qty 48 Dose 2 Qty 97 Ages 18 Dates 29 12 available at BIMS GENERAL PUBLIC Be,1396544310598905858,1,Belagavi,Weakly_Positive
161,2021-12-29 06:55:12,1476084370582958081,Vaccination cost in private hospitals 630 00 Rs Covishield 1050 00 Rs Covaxin 995 00 Rs Sputni,201676877,0,"‡§ó‡•Å‡§°‡§º‡§ó‡§æ‡§Ç‡§µ, ‡§≠‡§æ‡§∞‡§§",Neutral
162,2021-12-29 06:48:53,1476082778349314051,My worry is nearly 90 are vaccinated with #covishield This is a humongous number Wha,359393647,0,Bangalore,Weakly_Positive
163,2021-12-29 06:46:33,1476082192728027136,my wife Meena Passy age 65 was administered second dose of Covishield on 29th May 2011 vide ref No 2849,1061120570388045824,0,"Jalandhar, India",Neutral
164,2021-12-29 06:37:13,1476079842365870082,Which vaccine As far as I known Covishield hasn t yet been cleared for 12 18,899270096433971201,0,"Hyderabad, India",Weakly_Positive
165,2021-12-29 06:36:10,1476079578468679681,My mother 62 yrs old got 1st vaccine in PHC Madipak,82821040,0,"‡§ö‡•á‡§®‡•ç‡§®‡§à, ‡§≠‡§æ‡§∞‡§§ India",Weakly_Positive
166,2021-12-29 06:27:54,1476077497166925825,Any news on efficacy of Covishield and Covax used by India,4216847717,0,I hate this Timeline,Neutral
167,2021-12-29 06:07:30,1476072365926801408,Data gathering is better in metros in any country And comparing effectiveness of mRNAs vs other vacci,47083884,0,New York,Weakly_Positive
168,2021-12-29 06:02:47,1476071177537810433,Extrapolating the numbers from the UK France we will have in excess of 14 Lakh cases a day Like,943748968785199104,0,,Neutral
169,2021-12-29 06:02:15,1476071043429064704,A friend of mine has somehow managed to take Astra Zeneca Covishield Sputnik Covaxin all double do,1546578554,0,3rd Rock from the Sun ,Neutral
170,2021-12-29 05:45:31,1476066831139889153,IMHO as a layman who s been reading extensively on medical issues pertaining to the vaccines I feel cova,66128084,0,i exist in my mind,Neutral
171,2021-12-29 05:45:25,1476066806464872449,It s really high time the steps in reduce gap in 2 doses of #Covishield avoid e,2596143056,0,Mumbai,Weakly_Positive
172,2021-12-29 05:44:10,1476066494601515009,It s pretty surprising that in spite of taking an appointment for the 2nd dose of Covishield we a,1245650326150995970,0,,Weakly_Positive
173,2021-12-29 05:37:30,1476064816674529287,29 12 COVAXIN COVISHIELD Dose 1 Qty 49 Dose 2 Qty 98 Ages 18 Dates 29 12 available at BIMS GENERAL PUBLIC Be,1396544310598905858,1,Belagavi,Weakly_Positive
174,2021-12-29 05:30:20,1476063011685081088,Statement from on securing EUA in India for #Corbevax says In comparison to #COVISHIELD subje,15393700,0,Delhi/Meerut,Neutral
175,2021-12-29 05:26:52,1476062138699505664,29 12 COVISHIELD Dose 1 Qty 0 Dose 2 Qty 1 Ages 18 Dates 29 12 available at Inamhongal PHC Saundatti Inamho,1396544310598905858,1,Belagavi,Weakly_Positive
176,2021-12-29 05:13:53,1476058873031131137,Hi Adar your off the record view on covovax vs covishield as a booster on people primed with covishield,911182427782909952,0,,Neutral
177,2021-12-29 05:00:31,1476055508444274688,Of the 13 05 lakh who received the first jab 10 lakh took it more than three months ago The recommended gap between the two,2590835076,1,"New Delhi, India",Weakly_Positive
178,2021-12-29 04:57:26,1476054732615475202,I took my second dose of covishield yesterday at 2pm The hospital where I took it Ameya Nursing Home JB n,1200214398,0,I Don‚Äôt Exist you moron!,Neutral
179,2021-12-29 04:30:51,1476048041962397696,So among Indian vaccines Covaxin is likely to be more effective against Omi type variants that c,392459574,0,,Weakly_Positive
180,2021-12-29 04:27:08,1476047105403891717,29 12 COVAXIN COVISHIELD Dose 1 Qty 49 Dose 2 Qty 99 Ages 18 Dates 29 12 available at BIMS GENERAL PUBLIC Be,1396544310598905858,1,Belagavi,Weakly_Positive
181,2021-12-29 04:25:37,1476046725500456960,Can you say the truth about AstraZeneca aka Covishield from the same countries s data which you are using,66128084,0,Bharat bhumi,Neutral
182,2021-12-29 04:09:55,1476042773505658881,SW delhi has at least 34695 new slots available between 29 12 21 amp 05 01 22 Covishield Dose1 18 45 14803 593 Dose2,1396115471703805953,1,,Weakly_Positive
183,2021-12-29 03:36:52,1476034455286562817,29 12 COVAXIN COVISHIELD Dose 1 Qty 50 Dose 2 Qty 99 Ages 18 Dates 29 12 available at BIMS GENERAL PUBLIC Be,1396544310598905858,1,Belagavi,Weakly_Positive
184,2021-12-29 03:36:47,1476034435610861573,Parents ke liye CoviShield best tumhare liye Sputnik V or Pfizer best hai,1876057753,0,"New Delhi, India",Highly_Positive
185,2021-12-29 02:50:58,1476022907239378944,Sir I have taken 2 dose of Covishield in India and after coming to KSA got it approved by MOH e servic,1328645531854311425,0,,Neutral
186,2021-12-29 02:29:35,1476017522147086342,Request you to tweet and set it right for readers of your article efficacy of Covishield after 2 jabs is defi,415552014,1,"Navi Mumbai, India",Weakly_Positive
187,2021-12-29 02:25:59,1476016618748747787,As per the available data among those who had received two doses of AstraZeneca Covishield vaccine there was no protect,86764977,2,,Weakly_Positive
188,2021-12-29 02:25:51,1476016584573476864,In India the majority of the vaccinated people have received #Covishield AstraZeneca vaccine whereas the other vaccine,86764977,1,,Highly_Negative
189,2021-12-29 02:12:16,1476013164630134784,Covishield ki fever aithe vasthundi,1334758575424487426,0,,Neutral
190,2021-12-29 02:00:10,1476010122782527488,#WATCH Responding to question of which COVID vaccine would be given as booster shot IMA chief JA Jayalal says As per mix amp matc,355989081,41,"Sangrur, India",Neutral
191,2021-12-29 02:00:07,1476010107414540293,Covaxin ki pain thappa em undadhu Covishield ki pain fever body pains weakness untai,1334758575424487426,0,,Neutral
192,2021-12-29 01:16:53,1475999226706415618,29 12 COVAXIN COVISHIELD Dose 1 Qty 50 Dose 2 Qty 100 Ages 18 Dates 29 12 available at BIMS GENERAL PUBLIC B,1396544310598905858,1,Belagavi,Weakly_Positive
193,2021-12-28 22:54:23,1475963368091619337,I got my COVISHIELD AstraZeneca vaccine in India 1st April 14th 2nd August 15th with COVID v,146569971,0,,Neutral
194,2021-12-28 22:06:25,1475951296167301120,Covaxin Or covishield,1231219848920752129,0,coimbatore,Neutral
195,2021-12-28 21:16:52,1475938826807873538,28 12 COVISHIELD COVAXIN Dose 1 Qty 43 Dose 2 Qty 90 Ages 18 Dates 28 12 available at BIMS GENERAL PUBLIC Be,1396544310598905858,1,Belagavi,Weakly_Positive
196,2021-12-28 20:37:47,1475928992461074433,NVAX #NVAX Serum charges 1 114 rupees 15 US dollars for Covavax Novavax This was clearly base on the statement f,1299724478822350848,1,"ƒ∞zmir, T√ºrkiye",Weakly_Negative
197,2021-12-28 20:29:59,1475927025844162561,Covavax is 1 114 rupees 15 US dollars in this article,1348750216225296384,0,,Neutral
198,2021-12-28 20:14:06,1475923031604318214,Covishield is 1 100 Rs,11328912,0,"ƒ∞zmir, T√ºrkiye",Neutral
199,2021-12-28 20:08:42,1475921669734559746,Doc booster dose suggestion on people who did covishield in India Should we take covishield as booster d,437571536,0,,Neutral
200,2021-12-28 20:02:48,1475920186968403968,Each Mann ki Baat costs us 8 3 crores 8 3 crores can save 3 32 000 lives by giving them covishield vaccine,4925004804,1074,India,Neutral
201,2021-12-28 19:49:47,1475916912806748162,adds two vaccines Corbevax Covovax and antiviral drug Molnupiravir to its Covid fighting arsenal Together with Covaxi,3898740683,1,"Madrid, Spain",Neutral
202,2021-12-28 19:47:21,1475916300622852097,Stan said that it will be a bit more pricier than Covishield which sells for 8 600 IN,409194010,0,,Highly_Positive
203,2021-12-28 19:37:14,1475913753447174148,Covishield,1876057753,0,"West Bengal, India",Neutral
204,2021-12-28 18:40:18,1475899426178695169,I managed to speak to many Covaxin people haven t experienced this Covishield Numerous people,722069312307998721,2,,Weakly_Positive
205,2021-12-28 18:39:43,1475899277503205380,By tracking UK data it seems hospitalization rate is not high Some reports says that s it s due to CoviS,1242298980660178951,0,,Highly_Negative
206,2021-12-28 18:39:01,1475899102797860867,thanks for your views and help us and guide us during this times Wanted to know your view on India,1305501905431523329,0,,Weakly_Positive
207,2021-12-28 18:33:04,1475897604948987905,Booster doose should be free by adar By 1 get 1 free We purchase covishield,911182427782909952,0,"Ahmadabad City, India",Weakly_Positive
208,2021-12-28 18:15:50,1475893266822352901,#Nepal listen to look at the neighbor s preparation #Omicron driven wave is inevitable especially when no one is bo,1291533865706758144,1,Nepal,Neutral
209,2021-12-28 18:11:27,1475892166052483072,Covishield helps,931497013,0,Chennai/Mumbai/Oslo/Malvern,Neutral
210,2021-12-28 18:07:13,1475891099528941568,Well it gives them a ground to go anti modi govt,1357001873669181441,0,the world,Neutral
211,2021-12-28 18:03:17,1475890111606894600,The release also stated In the pivotal Phase III study conduc,842678603305377793,0,"√úT: 38.911326,-77.04508",Highly_Positive
212,2021-12-28 17:56:52,1475888495524814858,28 12 COVISHIELD Dose 1 Qty 60 Dose 2 Qty 79 Ages 18 Dates 28 12 01 01 available at Noble Care Hospt PVT Be,1396544310598905858,1,Belagavi,Highly_Positive
213,2021-12-28 17:49:09,1475886551074676742,Saarthi Foundation organised Free Evening Vaccination for 1st and 2nd dose for Covishield Covaxin on 27th,927370585801351168,1,mumbai,Weakly_Positive
214,2021-12-28 17:45:53,1475885729297608705,I got both doses of covishield though i had,2596143056,0,"Khanna, India",Neutral
215,2021-12-28 17:32:25,1475882343088869376,Have Taken The First Dose Of Covid 19 Vaccine Covishield Today At GHMC Community Hall S Colony Ya,1105827983925755904,4,"Indiana, USA",Weakly_Positive
216,2021-12-28 17:29:32,1475881616077561856,Saarthi Foundation organised Free Evening Vaccination for 1st and 2nd dose for Covishield Covaxi,1143912492512555013,1,,Weakly_Positive
217,2021-12-28 17:27:26,1475881087146643458,If anyone have covishield vaccine astergenica in india Is this possible to get booster dose in Qatar,91066794,0,Qatar,Neutral
218,2021-12-28 17:23:54,1475880199367524352,Family of lt Vinod Mehra who died due to reaction of covishie,471741741,0,"‡§¨‡•ç‡§∞‡§ø‡§ú ‡§µ‡§ø‡§π‡§æ‡§∞, ‡§ó‡§æ‡§ú‡§º‡§ø‡§Ø‡§æ‡§¨‡§æ‡§¶",Highly_Negative
219,2021-12-28 17:13:41,1475877627894239233,While booster dose is a necessity I don t buy this study immunity provided by #AstraZeneca or #COVISHIELD wa,2527727798,1,"New Delhi, India",Neutral
220,2021-12-28 16:59:01,1475873938072694784,While booster dose is a necessity I don t buy this study immunity provided by #AstraZeneca or,27013292,1,,Neutral
221,2021-12-28 16:56:25,1475873282314305539,What about 2 doses of Covishield And a Covishield booster,831279407088148480,0,"Chennai, India",Neutral
222,2021-12-28 16:33:26,1475867497727344643,Mother of Dr Lunawat sharing her sorrow and demise of her daughter due to the Covishield vaccine Dr Lunawat passed away due,1418109963604398080,61,,Highly_Negative
223,2021-12-28 16:10:23,1475861698623856642,HELLO Anyone knows which organisation collecting data on How ma,1350540170723000320,0,,Neutral
224,2021-12-28 16:05:48,1475860543193767937,HELLO Anyone knows which organisation collecting data on How many people,124237063,0,,Highly_Positive
225,2021-12-28 16:03:51,1475860053080956931,HELLO Anyone knows which organisation collecting data on How many people who have take,2294172542,0,,Highly_Positive
226,2021-12-28 16:01:41,1475859507536285697,HELLO Anyone knows which organisation collecting data on How many peop,2294172542,0,,Highly_Positive
227,2021-12-28 16:00:25,1475859188454617093,HELLO Anyone knows which organisation collecting data on How many p,1245433862370385920,0,,Highly_Positive
228,2021-12-28 15:58:31,1475858711130169345,HELLO Anyone knows which organisation collecting data on How many people who h,205770556,0,,Highly_Positive
229,2021-12-28 15:47:53,1475856035613065223,Vaccinate Follow our traditional home remedies for prevention Covishield Covaxin Pfizer Modern,1730425278,0,"Tamilnadu, India",Weakly_Positive
230,2021-12-28 15:38:42,1475853724283191308,Covishield was the comparison vaccine,1270156481493708801,0,,Neutral
231,2021-12-28 15:18:28,1475848631567765519,Oxford University and other studies showed that Serum and Novavax s COVOVAX,1013166784504049664,1,,Highly_Negative
232,2021-12-28 15:10:59,1475846746953719820,Kenny is right in this instance It s INR 205 that SII sells to Indian Govt for go,1299724478822350848,0,,Weakly_Positive
233,2021-12-28 15:07:24,1475845847636234240,I was wrong It s INR 205 per dose But that s not the issue it just means that SII cost are mater,1299724478822350848,0,,Weakly_Negative
234,2021-12-28 15:00:11,1475844031808966659,Tested covid positive even after getting second dose of Covishield In April 2021 and then my immunity is gone,355989081,0,"Punjab, India",Weakly_Positive
235,2021-12-28 14:48:25,1475841070839783424,I am a fan of #nvax but I do not believe that you are correct on two fronts You are quoting the pr,1299724478822350848,0,,Neutral
236,2021-12-28 14:29:25,1475836287596646405,my grandfather aged 93 years is living in Palakiya Village Sherghati GAYA Bihar is keen to get vacci,1368061788114219008,0,,Highly_Negative
237,2021-12-28 14:23:01,1475834678854705154,India ordered 200 million doses of Covavax Novavax Poonawalla said he will charge 1 100 rupees p,20402945,0,,Neutral
238,2021-12-28 14:20:44,1475834104755240965,gt gt Lancet is pet of western pharma company which will publish anything to please its,1464880204057231360,0,,Neutral
239,2021-12-28 14:18:54,1475833640252809222,India ordered 200 million doses of Covavax Novavax Poonawalla said he will charge 1 100 rupees per d,1250830691824283648,0,,Neutral
240,2021-12-28 14:18:39,1475833580509184002,India ordered 200 million doses of Covavax Novavax Poonawalla said he will charge 1 100 rupees per d,817007725666242561,0,,Neutral
241,2021-12-28 14:07:32,1475830783243862025,Btw the Covishield vaccine we just got was DEVELOPED by Oxford University amp Astra Zenica A British Swedish pharmaceutica,2966885050,17,still here,Weakly_Positive
242,2021-12-28 14:03:24,1475829738920939520,The Oxford AstraZeneca jab is known locally as Covishield in India I m,316633964,0,,Neutral
243,2021-12-28 13:56:05,1475827899546537992,I ain t getting 3rd dose of covishield if i get booster shot i would choose another vaccine,37034483,0,Desh PANJAB,Neutral
244,2021-12-28 13:50:34,1475826513110994944,Covishield dosage was 0 5ml why is this dose 1ml,974459266642923521,0,India,Neutral
245,2021-12-28 13:49:19,1475826196529049601,My ID verified 519616420099 Beneficiary Reference lD 86532841568860 Vaccin,461841349,0,,Neutral
246,2021-12-28 13:44:31,1475824987344760834,Along with online registration on onsite registration on the same day will also be available from 3,832151618921472000,2,"Andaman And Nicobar, India",Weakly_Positive
247,2021-12-28 13:41:38,1475824262476820483,read my comment carefully Ok simple questions for you 1 P,1450229921356427265,0,,Weakly_Positive
248,2021-12-28 13:41:07,1475824135003594758,India ordered 200 million doses of Covavax Novavax Poonawalla said he will charge 1 100 rupees per dose,2704294333,0,,Neutral
249,2021-12-28 13:31:42,1475821765049806851,I have taken corona vaccine full dose comfortably my Beneficiary Reference l,461841349,0,,Weakly_Positive
250,2021-12-28 13:29:50,1475821294067331075,India ordered 200 million doses of Covavax Novavax Poonawalla said he will charge 1 100 rupees per dose,18856867,0,,Neutral
251,2021-12-28 13:28:44,1475821015510880259,Sputnik has approved since May but still no doses administered I will expect on Covishield and Covaxin continue to be used,17733789,0,Goa,Neutral
252,2021-12-28 13:26:46,1475820521396719617,List of CVCs administering Covishield vaccine on 29 12 2021 in Ward K WEST Age 18 Dose 1 on spot 30 Dose 2 on spot,1140637729065058305,2,"Mumbai, India",Neutral
253,2021-12-28 13:26:10,1475820369135079434,#RoundUp2021 June Date 27 06 2021 European Union excludes anti COVID 19 vaccine Covishield from Green Pass List,1221750331362574338,1,India,Highly_Negative
254,2021-12-28 13:12:34,1475816949393227782,A new study published in Lancet which studied data of 44 million people shows that Covishield won t protect fully vaccina,951165164,84,,Weakly_Positive
255,2021-12-28 13:09:23,1475816148931203074,People are surprised that only three vaccines have been made available in India Covishield Covaxin and Sputnik Of th,272854066,1,,Weakly_Positive
256,2021-12-28 13:05:58,1475815288989835270,From January over 69 crore Covishield doses transported from Pune airport via,815908220224929792,2,,Neutral
257,2021-12-28 13:02:52,1475814508425715716,Govt knows better than you The drugs regulatory authority have given approval to both covishield an,1408341249292075010,0,jannat e kashmir,Highly_Positive
258,2021-12-28 13:00:34,1475813929372815361,Oxford University and other studies showed that Serum and Novavax s COVO,3178383416,1,,Highly_Negative
259,2021-12-28 12:59:57,1475813773713629185,#Myself Successfully #Vaccinated with 2nd Dose with #COVISHIELD on 27 12 2021 #EndCOVID19 #TogetherAgainstCovid19 #COV,1009293552432570368,4,"Hyderabad, India",Weakly_Positive
260,2021-12-28 12:40:25,1475808855967748105,For kind your information #GobarBhakt more 1000 million people on,1467860926837800961,0,,Highly_Positive
261,2021-12-28 12:30:58,1475806477768019971,Stress lifestyle or strenuous workout after taking #Covishield #AstraZeneca,48672667,0,,Neutral
262,2021-12-28 12:30:50,1475806444607864832,Covaxin only vaccine option for children in 15 18 years age group In the 18 category covaxin failed miserably to provid,291852263,1,"Mumbai, Goa ",Weakly_Negative
263,2021-12-28 12:23:53,1475804697600614409,This is called RACISM Astra Zeneca is your bloody Oxford vaccine some of the doses which you take in the UK of this v,26997136,100,"Jamaica & San Diego, CA",Weakly_Negative
264,2021-12-28 12:23:48,1475804674167083012,UK s Apartheid Covishield is same as Astra Zeneca a vaccine developed at Oxford University but yet the discrimination wi,19760270,200,"Jamaica & San Diego, CA",Weakly_Positive
265,2021-12-28 12:23:45,1475804664843091968,UK Governments decision on not recognising fully vaccinated Indians is discriminatory Racist and deserves strongest co,861892652177993728,90,"Jamaica & San Diego, CA",Neutral
266,2021-12-28 12:23:39,1475804640012873734,BREAKING Have raised the discriminatory nature of UK vaccine recognition for AstraZeneca but not Covishield Discussions o,139189823,1252,"Jamaica & San Diego, CA",Neutral
267,2021-12-28 12:23:31,1475804606265446406,UK refuses to recognize AstraZeneca Covishield vaccine despite using the same in their own country India hints at recipro,74980737,137,"Jamaica & San Diego, CA",Weakly_Positive
268,2021-12-28 12:23:28,1475804591862292483,We used to call Covishield Oxford vaccine Oxford UK amp AstraZeneca Sweden developed a vaccine Covishield is almost the,76858507,280,"Jamaica & San Diego, CA",Weakly_Positive
269,2021-12-28 12:21:15,1475804035609509893,I got vaccinated in India Covishield My vaccine details are updated in my passport but my QID is sho,2231338957,0,Chennai,Neutral
270,2021-12-28 12:16:21,1475802801250787333,#Highlights2021 Thanks to I received both my #Covid vaccine shots India made #Covishield and had the opportun,730502304,301,,Weakly_Positive
271,2021-12-28 12:14:55,1475802441664790529,,2215504453,0,AHMADABAD/HYDERABAD,Neutral
272,2021-12-28 11:57:54,1475798157380308992,Scheduled an Appointment on Cowin and accompanied an anti vaxxer to a paid COVAXIN vaccination site Asked the nurse to show,262484487,1,INDIA,Neutral
273,2021-12-28 11:42:03,1475794169327063042,Covishield what s the difference,1231219848920752129,1,Mumbai,Neutral
274,2021-12-28 11:36:51,1475792861480341507,#Novavax #Covovax is overdue for approval They should have approved it before yesterday s booster announcement as it will,169325323,2,"San Juan, Puerto Rico",Neutral
275,2021-12-28 11:31:20,1475791474046353413,50 efficacy may already save lives Serious incidents of clotting have been reported for Covi,53294309,0,,Highly_Negative
276,2021-12-28 11:10:21,1475786192234844162,After getting my 2nd #covishield dose why my body is aching for more sleep,225698475,1,,Weakly_Positive
277,2021-12-28 10:22:55,1475774256600518658,Covishield what s the difference,56059895,1,India,Neutral
278,2021-12-28 10:22:33,1475774160215449601,Surya needs batch of 10 to get vaccinated Need 2 more ppl Second dose of Covishield #punekar #punevaccinations,15340720,0,I do not want you to know that,Weakly_Positive
279,2021-12-28 10:06:48,1475770199290761218,5 #AustraliaIndia New low #emissions technology partnership to focus on #hydrogen development ultra low cost #solar,51030211,1,Melbourne,Weakly_Positive
280,2021-12-28 09:32:43,1475761619934220290,Won t be a challenge to procure Covishield procuring Covaxin amp ZyCoV D will be a challenge says Dr Sandeep Budhiraja,631810714,4,,Neutral
281,2021-12-28 09:23:16,1475759243168935941,Covishield or Covaxin,1231219848920752129,0,Mumbai,Neutral
282,2021-12-28 09:21:09,1475758712119721984,Where s the data from a clinical trial for a third dose of Covishield to work against omicron,1552550426,0,"Bombay, India",Neutral
283,2021-12-28 09:19:32,1475758301547675650,#DelhiGovt Free walk in Vaccination Camp Date 28th December Time 10 00AM to 4 00PM Venue Gurudwara sahib GK 1 Vacc,1471036704127537152,1,"New Delhi, India",Weakly_Positive
284,2021-12-28 09:18:52,1475758137667833857,#OnCNBCTV18 We were vaccinating 15 000 people a day earlier now it is down to a few thousand says H Sudarshan Ballal,44839509,4,,Highly_Negative
285,2021-12-28 09:01:18,1475753716930146306,It s all funded research see the rate at which cases are in,1489438136,0,,Neutral
286,2021-12-28 08:56:31,1475752511315136513,Is it possible to impose the people to have only a vaccine by one company In our house my self a,622872390,0,,Neutral
287,2021-12-28 08:55:12,1475752180845977602,Summary of all approved vaccines in India as of Dec 28 #covidvaccine #getvaccinated #covid19chennai #newsofchennai #,1248499867736887297,1,Milkyway,Neutral
288,2021-12-28 08:55:09,1475752167525040128,India gives emergency use authorisation for 2 more new vaccines and an anti covid pill #covidvaccine #getvaccined #co,1248499867736887297,1,Milkyway,Weakly_Positive
289,2021-12-28 08:37:55,1475747831088619524,UK AstraZeneca Batch Numbers 4120Z001 4120Z002 4120Z003 The Teleg,128195535,0,Scotland,Neutral
290,2021-12-28 08:32:51,1475746555126693891,If sufficient quantities of Covishield and Covaxin vaccines are sufficiently available why import so,1015218674607648768,1,,Weakly_Positive
291,2021-12-28 08:26:48,1475745031705141253,Regularly fit ones are also had sudden cardiac arrest after Covishield we lost many youn,1226859375723044866,2,"Hyderabad, India",Weakly_Positive
292,2021-12-28 08:18:15,1475742882761822210,Do we know if mix and match are allowed Between covishield and covovax for example,1107658534420807680,0,,Neutral
293,2021-12-28 07:55:32,1475737164507799552,Good endorsement for #covishield #AstraZeneca vaccine Ref from,52306451,1,"‡§Æ‡•Å‡§Ç‡§¨‡§à, ‡§≠‡§æ‡§∞‡§§",Highly_Positive
294,2021-12-28 07:51:53,1475736247150604289,Great point Studies have shown #Covovax as superior booster for those who received Covishield It sounds,169325323,1,Idiocracy üêí,Highly_Positive
295,2021-12-28 07:50:33,1475735911635816451,Because no other country on this planet is using covishield AstraZeneca or Covaxin as a booster We don t e,52491713,1,,Weakly_Positive
296,2021-12-28 07:48:51,1475735480331292676,The study will see how immunocompromised people are responding to existing Covid 19 vaccines including #Covishield and,39743812,2,,Neutral
297,2021-12-28 07:46:24,1475734866876461058,Indian vaccines are good compared to pfizer and moderna mnra I didn t had any side effects after any dos,451301758,0,,Highly_Positive
298,2021-12-28 07:20:51,1475728436484132865,those who are hesitant will take covovax it has better efficacy and safer than cov,1297219006760284161,0,india,Highly_Positive
299,2021-12-28 07:13:25,1475726564817977345,Botha Covovax and Corbevax have been stockpiled I belive the gover,1106803026,0,,Neutral
300,2021-12-28 07:08:46,1475725396125442049,Where are the published papers on these new vaccines Why are people not being administered Covishield or Covaxin,1102756347324628992,1,Bengaluru / Goa / Kerala,Weakly_Positive
301,2021-12-28 07:07:26,1475725059679416323,There is enough research and scholarly writing to conclude that booster shots are an imperative The Lancet study on t,3097503906,336,"Vijayanagara,Karnataka,India",Neutral
302,2021-12-28 06:55:53,1475722154050146307,Good endorsement for #covishield #AstraZeneca vaccine Ref from,29958928,1,Mumbai,Highly_Positive
303,2021-12-28 06:54:38,1475721839573749763,Dear Sir availed both doses of Covishield vaccine But final dose not updated on cowin portal so unable t,2588841246,0,,Highly_Negative
304,2021-12-28 06:48:07,1475720200376885253,what is hatrick are you playing cricket or what Fool appointed as Health Minister Covishield,432697203,0,,Neutral
305,2021-12-28 06:21:32,1475713508520116226,Kindly issue orders to DMO Kottayam to provide free Covishield vaccine second dose in Kottayam tow,1292289021842882560,0,,Weakly_Positive
306,2021-12-28 06:19:56,1475713104436551683,Kindly issue orders to District Collector Kottayam amp DMO Kottayam to provide free Covishield vaccin,1396711467882143745,0,,Highly_Positive
307,2021-12-28 06:19:29,1475712990859071491,Kindly issue orders to District Collector Kottayam amp DMO Kottayam to provide free Covishield vaccin,38647512,0,,Highly_Positive
308,2021-12-28 06:19:09,1475712909544095745,Kindly issue orders to District Collector Kottayam amp DMO Kottayam to provide free Covishield vaccine second,355989081,0,,Weakly_Positive
309,2021-12-28 06:12:30,1475711235886886914,Corbevax is India s first homegrown RBD protein sub unit vaccine the Health Minister said It is made by the Hyderabad base,93837927,1,"Pune, Maharashtra, India",Highly_Negative
310,2021-12-28 06:04:36,1475709247509856256,What about #Moderna #Pfizer for people who got fully vaccinated with #covishield in April May,86764977,0,,Neutral
311,2021-12-28 05:46:55,1475704796367626242,While the efficacy of Covaxin is certainly low Covishield is not recommended for kids as per,53294309,0,,Neutral
312,2021-12-28 05:44:04,1475704078529294336,Is it not better to study the impact of Covishield in Indians instead of using the researc,1552550426,0,Bengaluru/Bangalore,Highly_Negative
313,2021-12-28 05:42:22,1475703652367093765,Ooh yes I tried jacking off and it took me more than 30 minutes after taking CoviShield earlie,194022170,0,India,Highly_Positive
314,2021-12-28 05:29:05,1475700309309550593,If sufficient quantities of Covishield and Covaxin vaccines are sufficiently available why impor,3097503906,1,"Keezhillam , Ernakulam Dist",Weakly_Positive
315,2021-12-28 05:24:25,1475699132882849795,The UK and many countries of EU don t give Covishield for youngsters They re giving the mRNA,53294309,0,Calicut,Highly_Positive
316,2021-12-28 05:22:10,1475698570045001728,Hey Squad thank Tehseen Sir for his support to #KaranKundrra He s from the esteemed Poonawala family Serum Institute,1470412861033705475,38,,Neutral
317,2021-12-28 05:21:19,1475698355279912963,Haven t you been vaccinated with Covishield or Covaxin Stop following as it has al,52491713,0,,Neutral
318,2021-12-28 05:16:43,1475697196158775297,How were we faring in April May with Delta wave US was sending us aids The point,114218581,0,Ghaziabad,Neutral
319,2021-12-28 05:11:13,1475695814009786369,COVID 19 Will precaution dose be the same as your first two doses Details here,471741741,0,"New Delhi, India",Weakly_Positive
320,2021-12-28 05:09:11,1475695299628724224,Odd this view All the doctors I know preferred this vaccine over Covishield,922391944197677059,0,,Highly_Negative
321,2021-12-28 05:02:43,1475693673627017219,Just In India becomes the first country that approved a bucket of jabs COVISHIELD COVAXIN Zydus Cadilla,1311239864558342145,1,India,Weakly_Positive
322,2021-12-28 04:36:59,1475687198133350403,Different countries have separate timelines for waves For India it is coming now,1102139998764175362,0,Ghaziabad,Neutral
323,2021-12-28 04:13:47,1475681357544124419,Monday 27 12 21 #CoWIN Dashboard amp figures #COVID19 cases 6 358 No vaccinated 7 287 547 1st dose,2596143056,0,Deccans of India ,Neutral
324,2021-12-28 04:12:26,1475681019391094786,But Covishield ZINDABAAD no,1450824530641838085,0,"Bengaluru, India",Neutral
325,2021-12-28 03:48:18,1475674946542002179,Want to Study in UK Here are Top 6 Scholarships to Study in UK Get Free Counselling Now Apply Link,864733573231779840,1,"Faridabad, India",Weakly_Positive
326,2021-12-28 03:46:07,1475674395917967364,only covaxin will be available for children Why is this Isn t covishield the same as the Oxford vaccine being used in the UK,469503746,0,,Weakly_Positive
327,2021-12-28 03:42:29,1475673482474131457,Firstly deepest condolences heartbreaking The,877755590646353920,2,,Weakly_Positive
328,2021-12-28 03:34:48,1475671549990432768,,2596143056,0,NEW DELHI,Neutral
329,2021-12-28 03:32:36,1475670994350067714,At 50 The question should not be about efficacy of a vaccine because it is good The ques,53294309,0,ThirdWorld,Highly_Positive
330,2021-12-28 03:31:32,1475670726711681026,For covishield they didn t placed enough orders SII downgraded production too,53294309,0,,Neutral
331,2021-12-28 03:17:47,1475667265706098688,Viral vector vaccines like Covishield wont be used in children anywhere in the world because o,53294309,0,,Neutral
332,2021-12-28 03:11:43,1475665739797331969,when the vaccines covishield viva in are in effective against omicron why is there neces,432697203,0,Bangalore,Highly_Positive
333,2021-12-28 03:00:03,1475662802748514307,I completed my second dose in feb 2020 that time we had only covishield,132957426,0,,Neutral
334,2021-12-28 02:59:35,1475662686629236737,Good day Sir When I was in the US I received both Pfizer shots Now that I ve moved to India i,1378366949726449666,0,"Phoenix, AZ",Highly_Positive
335,2021-12-28 02:51:59,1475660771988164608,We need team for second dose of #covishield in Lalpur gangwari kundarki Kindly support us first dose time already reached,1450818196882161665,0,"Hyderabad, India",Weakly_Positive
336,2021-12-28 02:41:19,1475658089089028097,kindly clarify about the boosters that can be given Can cross vaccination be done as booste,471741741,0,,Weakly_Positive
337,2021-12-28 02:39:33,1475657646178914304,This is from covishield clinical trials,53294309,0,mars,Neutral
338,2021-12-28 02:05:19,1475649028725428227,Honourable Bommai sir people who are in waiting list for 2nd dose covishield like us are,2713703797,0,,Neutral
339,2021-12-28 01:58:14,1475647246506942464,Any other vaccine which aren t from CN and RU is like IG worth vaccine in Myanmar I have s,1328498907358371846,0,Yangon,Weakly_Positive
340,2021-12-27 21:41:34,1475582655068524544,Did you get one AZ and one Covishield,280845307,0,49th Parallel,Neutral
341,2021-12-27 20:29:58,1475564637429108738,What about Covishield vaccine,269995958,0,,Neutral
342,2021-12-27 20:20:10,1475562170276589570,Sir if family took two dose of covishield also need to quarantine i,3103312489,0,Kingdom of Saudi Arabia,Neutral
343,2021-12-27 19:49:21,1475554413544574981,hmm this could make a good booster for covishield otoh 3 doses of covishield is tried and tested,1237673606991110144,0,Sydney NSW / Wallumedegal land,Highly_Positive
344,2021-12-27 19:18:05,1475546547244847105,Also said that my colleague has problems with prior Covaxin immunized recruitment in 1 location there,2160899318,5,Asgard,Neutral
345,2021-12-27 19:11:04,1475544778230140934,Nah but it not even as effective as covishield is what I heard,1010224320965238784,0,,Highly_Positive
346,2021-12-27 11:33:28,1475429620744798208,Double masked n #fullyvaccinated Got my second dose yesterday Took a random shot during observation Have you got y,103832699,5,"New Delhi, India",Highly_Negative
347,2021-12-26 08:15:48,1475017490707083265,LOOK at #congresscomedy CIRCUS will surgewala FIRST inform the nation IF raga amp vadras hav taken,240649814,0,,Weakly_Positive
348,2021-12-25 05:19:55,1474610839374032896,United States allows its fully vaccinated citizens to go outside without a mask Check it out,1274388854619791360,12,"Mumbai, India",Neutral
